,danceability,energy,key,loudness,mode,speechiness,acousticness,instrumentalness,liveness,valence,tempo,duration_ms,time_signature
0,-0.6604412662873079,0.3574541526853439,-1.4757930361971663,0.43873924283301474,0.6881845758027069,-0.5006010327179888,1.6660368702010564,-0.45498765309606537,-0.012803930766402507,-0.017325661106204076,-0.9796389222456594,1.4709484850707657,0.19575143472010134
1,-0.6413518217994012,1.0419082255908825,-1.195802093728989,-0.18197714403761192,0.6881845758027069,-0.2363693791269706,-0.8943684682900984,-0.3912766687536432,-0.33753381066864474,0.8159228733419455,-0.17096787785801643,0.6981885570038578,0.19575143472010134
2,-1.4112927494783034,-0.9150520110263612,-0.35582926632445716,-1.6387315528953224,-1.4530985365860425,0.03697371079477233,0.12136163174345246,-0.45457077875407176,4.654392186259943,-1.5330444237690288,1.5678323132636438,1.108492401765029,0.19575143472010134
3,-1.1949457119486944,-1.127136371644979,-1.195802093728989,-0.7229762984079435,0.6881845758027069,-0.39885666035822886,-0.6064921427497223,-0.45488776056505936,-0.6488924602219713,-0.9140597981789748,0.4565281638629542,-0.2232946907952047,0.19575143472010134
4,-0.4313679324324277,0.5261576213592444,1.3241163884846066,-0.6994299272423764,0.6881845758027069,0.4014311640237627,1.680047529960309,-0.4547438209337672,0.8022043952627547,1.6134607563137455,1.6881658035512546,-0.8792898651479676,0.19575143472010134
